Original Product,Guessed Product,Review,Sentiment,Reply
Laptop,Laptop,This laptop has excellent performance but could improve on battery life.,"positive 
","We're glad you're impressed with the performance! We're always working to improve battery life across our products.  Consider using power-saving modes and adjusting screen brightness for longer usage. 
"
Wireless Earbuds,Headphones,"The sound quality is clear, and the noise cancellation works great. Very satisfied!","positive 
","We're thrilled to hear you're enjoying the sound quality and noise cancellation!  We strive to deliver an immersive audio experience. Thanks for sharing your positive feedback! 
"
Smartphone,Phone,"The camera quality is disappointing, and the battery drains quickly.","negative 
","We're sorry to hear about your experience.  We value your feedback and are always striving to improve. Could you please share more details about the camera issues and battery life you're experiencing?  We'd like to assist you further. 
"
Smartwatch,Smartwatch,I love the sleek design and the range of fitness features available.,"positive 
","We're delighted to hear you're loving the design and fitness features!  We put a lot of effort into creating a stylish and functional device.  Enjoy tracking your progress and staying motivated! 
"
Headphones,Headphones,"These headphones are comfortable, but the sound quality is subpar.","neutral 
","Thanks for your feedback! We appreciate you mentioning the comfort. We're always working to improve sound quality. Could you tell us more about what you find subpar?  Your feedback helps us make our products better. 
"
,Please provide the review so I can guess the product name! ðŸ˜Š,,"please provide the review so i can categorize the sentiment! ðŸ˜Š 
","Please share the review with me so I can understand the sentiment and craft an appropriate response! ðŸ˜Š I'm eager to help you engage with your customers. 
"
